date,us_yuan,aud_yuan,euro_yuan,pound_yuan,yen_yuan
2016/1/4,6.53,4.694,7.075,9.603,0.055
2016/1/5,6.52,4.670,7.011,9.588,0.055
2016/1/6,6.56,4.639,7.069,9.577,0.055
2016/1/7,6.59,4.621,7.202,9.620,0.056
2016/1/8,6.59,4.583,7.194,9.551,0.056
2016/1/11,6.57,4.594,7.134,9.591,0.056
2016/1/12,6.57,4.591,7.134,9.467,0.056
2016/1/13,6.57,4.569,7.149,9.522,0.056
2016/1/14,6.59,4.602,7.163,9.496,0.056
2016/1/15,6.58,4.516,7.183,9.413,0.056
2016/1/19,6.58,4.547,7.176,9.347,0.056
2016/1/20,6.58,4.544,7.168,9.347,0.057
2016/1/21,6.58,4.605,7.152,9.347,0.056
2016/1/22,6.58,4.608,7.106,9.413,0.056
2016/1/25,6.58,4.576,7.137,9.347,0.056
2016/1/26,6.58,4.608,7.152,9.413,0.056
2016/1/27,6.58,4.624,7.168,9.413,0.055
2016/1/28,6.57,4.653,7.188,9.467,0.055
2016/1/29,6.58,4.660,7.129,9.347,0.054
2016/2/1,6.58,4.680,7.168,9.481,0.054
2016/2/2,6.58,4.631,7.183,9.481,0.055
2016/2/3,6.58,4.717,7.311,9.606,0.056
2016/2/4,6.56,4.723,7.354,9.577,0.056
2016/2/5,6.57,4.643,7.333,9.522,0.056
2016/2/8,6.57,4.656,7.357,9.467,0.057
2016/2/9,6.57,4.646,7.415,9.522,0.057
2016/2/10,6.57,4.663,7.415,9.522,0.058
2016/2/11,6.57,4.670,7.441,9.467,0.059
2016/2/12,6.57,4.673,7.399,9.522,0.058
2016/2/16,6.52,4.637,7.269,9.328,0.057
2016/2/17,6.53,4.691,7.264,9.342,0.057
2016/2/18,6.52,4.667,7.244,9.328,0.057
2016/2/19,6.52,4.660,7.261,9.328,0.058
2016/2/22,6.52,4.711,7.189,9.261,0.058
2016/2/23,6.53,4.701,7.200,9.146,0.058
2016/2/24,6.53,4.698,7.192,9.082,0.059
2016/2/25,6.53,4.725,7.192,9.082,0.058
2016/2/26,6.54,4.661,7.148,9.096,0.057
2016/2/29,6.55,4.679,7.120,9.110,0.058
2016/3/1,6.55,4.699,7.120,9.110,0.057
2016/3/2,6.55,4.778,7.120,9.238,0.058
2016/3/3,6.53,4.801,7.152,9.276,0.058
2016/3/4,6.51,4.844,7.162,9.247,0.057
2016/3/7,6.52,4.869,7.181,9.328,0.057
2016/3/8,6.5,4.836,7.159,9.233,0.058
2016/3/9,6.51,4.873,7.162,9.247,0.058
2016/3/10,6.51,4.851,7.274,9.313,0.058
2016/3/11,6.49,4.909,7.243,9.352,0.057
2016/3/14,6.5,4.884,7.214,9.299,0.057
2016/3/15,6.51,4.855,7.233,9.247,0.058
2016/3/16,6.52,4.924,7.318,9.196,0.057
2016/3/17,6.47,4.950,7.319,9.377,0.058
2016/3/18,6.47,4.924,7.294,9.377,0.058
2016/3/21,6.48,4.909,7.281,9.337,0.058
2016/3/22,6.49,4.947,7.276,9.219,0.058
2016/3/23,6.5,4.895,7.271,9.168,0.058
2016/3/24,6.51,4.902,7.274,9.182,0.058
2016/3/25,6.51,4.887,7.274,9.182,0.058
2016/3/28,6.51,4.913,7.290,9.313,0.057
2016/3/29,6.51,4.966,7.348,9.313,0.057
2016/3/30,6.46,4.954,7.324,9.308,0.057
2016/3/31,6.45,4.939,7.338,9.294,0.057
2016/4/1,6.48,4.973,7.380,9.205,0.058
2016/4/4,6.48,4.928,7.380,9.270,0.058
2016/4/5,6.48,4.887,7.380,9.140,0.059
2016/4/6,6.48,4.924,7.389,9.205,0.059
2016/4/7,6.46,4.850,7.349,9.111,0.060
2016/4/8,6.46,4.883,7.366,9.111,0.060
2016/4/11,6.46,4.905,7.366,9.176,0.060
2016/4/12,6.46,4.965,7.358,9.176,0.060
2016/4/13,6.48,4.958,7.306,9.205,0.059
2016/4/14,6.48,4.985,7.306,9.140,0.059
2016/4/15,6.47,5.000,7.302,9.190,0.059
2016/4/18,6.47,5.016,7.319,9.256,0.059
2016/4/19,6.46,5.047,7.341,9.308,0.059
2016/4/20,6.47,5.043,7.311,9.323,0.059
2016/4/21,6.48,5.015,7.314,9.270,0.059
2016/4/22,6.5,5.012,7.295,9.366,0.058
2016/4/25,6.49,5.008,7.317,9.406,0.058
2016/4/26,6.49,5.031,7.333,9.474,0.058
2016/4/27,6.49,4.928,7.350,9.474,0.058
2016/4/28,6.47,4.935,7.344,9.445,0.060
2016/4/29,6.47,4.920,7.411,9.445,0.061
2016/5/16,6.518,4.751,7.382,9.392,0.060
2016/5/17,6.517,4.774,7.372,9.445,0.060
2016/5/18,6.537,4.727,7.328,9.557,0.060
2016/5/19,6.544,4.728,7.328,9.553,0.060
2016/5/20,6.549,4.729,7.350,9.505,0.059
2016/5/23,6.553,4.735,7.355,9.470,0.060
2016/5/24,6.555,4.709,7.300,9.583,0.060
2016/5/25,6.554,4.719,7.315,9.624,0.059
2016/5/26,6.554,4.736,7.339,9.610,0.060
2016/5/27,6.562,4.714,7.291,9.608,0.060
2016/5/31,6.58,4.761,7.327,9.564,0.059
2016/6/1,6.575,4.771,7.355,9.460,0.060
2016/6/2,6.582,4.759,7.338,9.484,0.061
2016/6/3,6.564,4.837,7.459,9.527,0.061
2016/6/6,6.561,4.831,7.447,9.481,0.061
2016/6/7,6.571,4.900,7.467,9.565,0.061
2016/6/8,6.56,4.899,7.472,9.521,0.061
2016/6/9,6.559,4.873,7.420,9.478,0.061
2016/6/10,6.559,4.837,7.378,9.357,0.061
2016/6/13,6.586,4.864,7.433,9.395,0.062
2016/6/14,6.597,4.854,7.396,9.305,0.062
2016/6/15,6.582,4.876,7.412,9.349,0.062
2016/6/16,6.592,4.854,7.398,9.364,0.063
2016/6/17,6.587,4.865,7.426,9.464,0.063
2016/6/20,6.582,4.908,7.446,9.679,0.063
2016/6/21,6.591,4.911,7.406,9.650,0.063
2016/6/22,6.578,4.935,7.433,9.674,0.063
2016/6/23,6.581,5.008,7.495,9.793,0.062
2016/6/24,6.622,4.945,7.358,9.059,0.065
2016/6/27,6.647,4.873,7.329,8.792,0.065
2016/6/28,6.648,4.910,7.354,8.876,0.065
2016/6/29,6.637,4.946,7.383,8.909,0.065
2016/6/30,6.648,4.954,7.387,8.852,0.064
2016/7/1,6.66,4.993,7.416,8.833,0.065
2016/7/4,6.665,5.023,7.430,8.851,0.065
2016/7/5,6.686,4.990,7.404,8.706,0.066
2016/7/6,6.689,5.029,7.424,8.653,0.066
2016/7/7,6.682,4.998,7.392,8.622,0.066
2016/7/8,6.691,5.065,7.393,8.667,0.067
2016/7/11,6.696,5.042,7.407,8.707,0.065
2016/7/12,6.689,5.098,7.399,8.860,0.064
2016/7/13,6.689,5.091,7.416,8.790,0.064
2016/7/14,6.684,5.102,7.435,8.924,0.063
2016/7/15,6.694,5.071,7.389,8.831,0.064
2016/7/18,6.705,5.091,7.425,8.893,0.063
2016/7/19,6.696,5.023,7.383,8.776,0.063
2016/7/20,6.678,4.995,7.355,8.822,0.062
2016/7/21,6.676,5.004,7.361,8.831,0.063
2016/7/22,6.68,4.985,7.333,8.755,0.063
2016/7/25,6.68,4.989,7.341,8.778,0.063
2016/7/26,6.672,5.005,7.332,8.756,0.064
2016/7/27,6.67,4.996,7.378,8.823,0.063
2016/7/28,6.658,4.995,7.373,8.761,0.063
2016/7/29,6.635,5.042,7.413,8.776,0.065
2016/8/1,6.644,5.007,7.415,8.754,0.065
2016/8/2,6.627,5.043,7.438,8.848,0.066
2016/8/3,6.634,5.033,7.396,8.845,0.066
2016/8/4,6.642,5.066,7.396,8.705,0.066
2016/8/5,6.66,5.072,7.384,8.706,0.065
2016/8/8,6.661,5.096,7.385,8.684,0.065
2016/8/9,6.656,5.108,7.396,8.655,0.065
2016/8/10,6.636,5.112,7.415,8.629,0.066
2016/8/11,6.634,5.107,7.388,8.593,0.065
2016/8/12,6.636,5.077,7.406,8.574,0.066
2016/8/15,6.638,5.094,7.425,8.554,0.066
2016/8/16,6.625,5.096,7.469,8.638,0.066
2016/8/17,6.634,5.080,7.488,8.649,0.066
2016/8/18,6.631,5.097,7.527,8.736,0.066
2016/8/19,6.653,5.075,7.535,8.697,0.066
2016/8/22,6.651,5.073,7.532,8.740,0.066
2016/8/23,6.641,5.058,7.504,8.761,0.066
2016/8/24,6.659,5.068,7.499,8.808,0.066
2016/8/25,6.66,5.072,7.517,8.786,0.066
2016/8/26,6.67,5.045,7.469,8.765,0.065
2016/8/29,6.683,5.059,7.475,8.759,0.066
2016/8/30,6.681,5.016,7.448,8.733,0.065
2016/8/31,6.679,5.022,7.454,8.777,0.065
2016/9/1,6.675,5.042,7.475,8.853,0.065
2016/9/2,6.681,5.061,7.456,8.884,0.064
2016/9/5,6.677,5.062,7.444,8.879,0.065
2016/9/6,6.67,5.127,7.511,8.965,0.065
2016/9/7,6.663,5.114,7.487,8.884,0.065
2016/9/8,6.667,5.097,7.508,8.866,0.065
2016/9/9,6.685,5.041,7.511,8.866,0.065
2016/9/12,6.68,5.053,7.506,8.907,0.066
2016/9/13,6.68,4.985,7.497,8.813,0.065
2016/9/14,6.675,4.985,7.508,8.829,0.065
2016/9/19,6.669,5.026,7.451,8.695,0.065
2016/9/20,6.672,5.043,7.438,8.665,0.066
2016/9/21,6.669,5.083,7.460,8.695,0.066
2016/9/22,6.665,5.096,7.472,8.712,0.066
2016/9/23,6.669,5.083,7.485,8.650,0.066
2016/9/26,6.669,5.091,7.502,8.650,0.066
2016/9/27,6.67,5.115,7.478,8.685,0.066
2016/9/28,6.675,5.135,7.483,8.691,0.066
2016/9/29,6.667,5.089,7.483,8.647,0.066
2016/9/30,6.672,5.113,7.497,8.654,0.066
2016/10/10,6.708,5.101,7.470,8.292,0.065
2016/10/11,6.722,5.069,7.428,8.148,0.065
2016/10/12,6.72,5.083,7.393,8.205,0.064
2016/10/13,6.727,5.092,7.441,8.244,0.065
2016/10/14,6.728,5.124,7.385,8.205,0.065
2016/10/17,6.738,5.140,7.413,8.207,0.065
2016/10/18,6.741,5.169,7.400,8.292,0.065
2016/10/19,6.738,5.203,7.396,8.278,0.065
2016/10/20,6.745,5.145,7.372,8.266,0.065
2016/10/21,6.767,5.150,7.363,8.283,0.065
2016/10/24,6.775,5.156,7.372,8.293,0.065
2016/10/25,6.78,5.183,7.386,8.268,0.065
2016/10/26,6.771,5.181,7.384,8.288,0.065
2016/10/27,6.784,5.147,7.390,8.253,0.064
2016/10/28,6.779,5.151,7.449,8.257,0.065
2016/10/31,6.776,5.157,7.438,8.294,0.065
2016/11/1,6.766,5.177,7.476,8.282,0.065
2016/11/2,6.757,5.178,7.499,8.311,0.065
2016/11/3,6.765,5.196,7.517,8.425,0.066
2016/11/4,6.757,5.186,7.524,8.457,0.066
2016/11/7,6.777,5.237,7.480,8.398,0.065
2016/11/8,6.787,5.269,7.483,8.400,0.065
2016/11/9,6.792,5.185,7.407,8.427,0.064
2016/11/10,6.806,5.180,7.414,8.550,0.064
2016/11/11,6.812,5.141,7.396,8.579,0.064
2016/11/14,6.86,5.181,7.368,8.564,0.063
2016/11/15,6.859,5.184,7.352,8.542,0.063
2016/11/16,6.88,5.146,7.358,8.557,0.063
2016/11/17,6.878,5.095,7.309,8.544,0.062
2016/11/18,6.887,5.053,7.296,8.502,0.062
2016/11/21,6.893,5.080,7.325,8.616,0.062
2016/11/22,6.89,5.100,7.322,8.559,0.062
2016/11/23,6.919,5.110,7.299,8.606,0.061
2016/11/24,6.922,5.127,7.302,8.620,0.061
2016/11/25,6.919,5.148,7.329,8.638,0.061
2016/11/28,6.915,5.172,7.341,8.590,0.062
2016/11/29,6.905,5.168,7.354,8.631,0.061
2016/11/30,6.889,5.088,7.298,8.611,0.060
2016/12/1,6.886,5.105,7.341,8.673,0.060
2016/12/2,6.88,5.130,7.335,8.753,0.061
2016/12/5,6.882,5.143,7.408,8.767,0.060
2016/12/6,6.882,5.136,7.376,8.722,0.060
2016/12/7,6.877,5.144,7.395,8.683,0.060
2016/12/8,6.891,5.143,7.315,8.668,0.060
2016/12/9,6.908,5.148,7.295,8.689,0.060
2016/12/12,6.907,5.178,7.348,8.754,0.060
2016/12/13,6.902,5.178,7.335,8.737,0.060
2016/12/14,6.905,5.115,7.276,8.675,0.059
2016/12/15,6.947,5.112,7.236,8.630,0.059
2016/12/16,6.962,5.085,7.275,8.703,0.059
2016/12/19,6.961,5.044,7.243,8.626,0.059
2016/12/20,6.953,5.046,7.220,8.595,0.059
2016/12/21,6.944,5.025,7.241,8.573,0.059
2016/12/22,6.948,5.013,7.253,8.536,0.059
2016/12/23,6.946,4.983,7.266,8.533,0.059
2016/12/26,6.949,4.999,7.269,8.537,0.059
2016/12/27,6.952,4.994,7.272,8.530,0.059
2016/12/28,6.961,4.997,7.251,8.510,0.059
2016/12/29,6.956,5.022,7.299,8.525,0.060
2016/12/30,6.945,5.007,7.303,8.574,0.059
2017/1/3,6.964,5.028,7.247,8.524,0.059
2017/1/4,6.934,5.050,7.276,8.550,0.059
2017/1/5,6.877,5.045,7.293,8.543,0.060
2017/1/6,6.924,5.054,7.296,8.506,0.059
2017/1/9,6.938,5.101,7.334,8.440,0.060
2017/1/10,6.922,5.101,7.302,8.431,0.060
2017/1/11,6.938,5.162,7.342,8.471,0.060
2017/1/12,6.894,5.160,7.318,8.387,0.060
2017/1/13,6.901,5.177,7.341,8.406,0.060
2017/1/16,6.901,5.162,7.318,8.314,0.060
2017/1/17,6.845,5.178,7.337,8.493,0.061
2017/1/18,6.85,5.143,7.279,8.395,0.060
2017/1/19,6.872,5.194,7.326,8.484,0.060
2017/1/20,6.877,5.194,7.363,8.511,0.060
2017/1/23,6.854,5.196,7.378,8.589,0.061
2017/1/24,6.859,5.200,7.359,8.584,0.060
2017/1/25,6.884,5.211,7.402,8.692,0.061
2017/1/26,6.884,5.188,7.355,8.670,0.060
2017/2/3,6.867,5.274,7.408,8.573,0.061
2017/2/6,6.863,5.259,7.380,8.557,0.061
2017/2/7,6.885,5.252,7.356,8.617,0.061
2017/2/8,6.864,5.248,7.341,8.612,0.061
2017/2/9,6.869,5.240,7.315,8.586,0.061
2017/2/10,6.879,5.279,7.318,8.588,0.061
2017/2/13,6.88,5.256,7.288,8.622,0.060
2017/2/14,6.868,5.263,7.268,8.564,0.060
2017/2/15,6.871,5.298,7.286,8.557,0.060
2017/2/16,6.853,5.272,7.314,8.556,0.061
2017/2/17,6.867,5.262,7.290,8.520,0.061
2017/2/20,6.879,5.287,7.303,8.577,0.061
2017/2/21,6.884,5.283,7.254,8.584,0.061
2017/2/22,6.878,5.299,7.263,8.565,0.061
2017/2/23,6.866,5.298,7.266,8.626,0.061
2017/2/24,6.869,5.272,7.253,8.565,0.061
2017/2/27,6.871,5.273,7.271,8.546,0.061
2017/2/28,6.867,5.258,7.259,8.499,0.061
2017/3/1,6.882,5.282,7.259,8.465,0.061
2017/3/2,6.89,5.216,7.237,8.454,0.060
2017/3/3,6.9,5.243,7.333,8.477,0.061
2017/3/6,6.897,5.229,7.298,8.442,0.061
2017/3/7,6.903,5.237,7.297,8.418,0.061
2017/3/8,6.913,5.206,7.285,8.410,0.060
2017/3/9,6.911,5.188,7.313,8.408,0.060
2017/3/10,6.909,5.210,7.374,8.405,0.060
2017/3/13,6.914,5.234,7.363,8.452,0.060
2017/3/14,6.915,5.227,7.333,8.402,0.060
2017/3/15,6.915,5.332,7.420,8.495,0.061
2017/3/16,6.898,5.298,7.425,8.527,0.061
2017/3/17,6.903,5.318,7.415,8.554,0.061
2017/3/20,6.909,5.343,7.421,8.540,0.061
2017/3/21,6.887,5.298,7.445,8.598,0.062
2017/3/22,6.882,5.286,7.432,8.592,0.062
2017/3/23,6.886,5.252,7.428,8.618,0.062
2017/3/24,6.884,5.247,7.434,8.584,0.062
2017/3/27,6.873,5.235,7.471,8.634,0.062
2017/3/28,6.88,5.252,7.438,8.568,0.062
2017/3/29,6.89,5.284,7.417,8.570,0.062
2017/3/30,6.889,5.263,7.352,8.590,0.062
2017/3/31,6.887,5.253,7.334,8.641,0.062
2017/4/5,6.895,5.220,7.351,8.608,0.062
2017/4/6,6.898,5.206,7.346,8.601,0.062
2017/4/7,6.901,5.177,7.310,8.541,0.062
2017/4/10,6.903,5.179,7.313,8.575,0.062
2017/4/11,6.892,5.166,7.309,8.604,0.063
2017/4/12,6.892,5.186,7.348,8.647,0.063
2017/4/13,6.89,5.216,7.314,8.613,0.063
2017/4/14,6.885,5.220,7.309,8.617,0.063
2017/4/17,6.88,5.220,7.319,8.643,0.063
2017/4/18,6.882,5.202,7.384,8.834,0.063
2017/4/19,6.888,5.163,7.375,8.797,0.063
2017/4/20,6.882,5.178,7.376,8.823,0.063
2017/4/21,6.886,5.193,7.388,8.828,0.063
2017/4/24,6.885,5.212,7.484,8.816,0.063
2017/4/25,6.885,5.188,7.525,8.838,0.062
2017/4/26,6.893,5.152,7.517,8.860,0.062
2017/4/27,6.898,5.148,7.498,8.901,0.062
2017/4/28,6.894,5.164,7.510,8.930,0.062
2017/5/2,6.896,5.197,7.537,8.921,0.062
2017/5/3,6.899,5.122,7.507,8.879,0.061
2017/5/4,6.896,5.108,7.578,8.910,0.061
2017/5/5,6.903,5.125,7.594,8.965,0.061
2017/5/8,6.905,5.100,7.546,8.933,0.061
2017/5/9,6.907,5.075,7.508,8.935,0.061
2017/5/10,6.903,5.087,7.503,8.930,0.060
2017/5/11,6.904,5.095,7.496,8.897,0.061
2017/5/12,6.9,5.096,7.541,8.892,0.061
2017/5/15,6.894,5.110,7.568,8.895,0.061
2017/5/16,6.887,5.113,7.635,8.898,0.061
2017/5/17,6.878,5.110,7.676,8.921,0.062
2017/5/18,6.889,5.111,7.646,8.912,0.062
2017/5/19,6.885,5.134,7.719,8.977,0.062
2017/5/22,6.886,5.150,7.737,8.954,0.062
2017/5/23,6.885,5.150,7.701,8.918,0.062
2017/5/24,6.89,5.169,7.733,8.936,0.062
2017/5/25,6.869,5.118,7.701,8.886,0.061
2017/5/26,6.856,5.105,7.669,8.778,0.062
2017/5/31,6.818,5.065,7.669,8.786,0.062
2017/6/1,6.808,5.021,7.632,8.773,0.061
2017/6/2,6.81,5.067,7.678,8.776,0.062
2017/6/5,6.804,5.093,7.654,8.779,0.062
2017/6/6,6.795,5.101,7.661,8.768,0.062
2017/6/7,6.796,5.129,7.653,8.803,0.062
2017/6/8,6.8,5.132,7.623,8.808,0.062
2017/6/9,6.798,5.115,7.613,8.660,0.062
2017/6/12,6.798,5.127,7.613,8.605,0.062
2017/6/13,6.799,5.124,7.622,8.672,0.062
2017/6/14,6.792,5.153,7.623,8.663,0.062
2017/6/15,6.808,5.161,7.590,8.684,0.061
2017/6/16,6.811,5.191,7.627,8.710,0.061
2017/6/19,6.82,5.182,7.603,8.688,0.061
2017/6/20,6.829,5.177,7.605,8.622,0.061
2017/6/21,6.83,5.159,7.631,8.657,0.061
2017/6/22,6.835,5.155,7.620,8.663,0.061
2017/6/23,6.837,5.176,7.656,8.698,0.061
2017/6/26,6.841,5.190,7.652,8.704,0.061
2017/6/27,6.813,5.165,7.724,8.735,0.061
2017/6/28,6.8,5.195,7.736,8.786,0.061
2017/6/29,6.787,5.213,7.765,8.826,0.061
2017/6/30,6.781,5.212,7.750,8.829,0.060
2017/7/3,6.8,5.211,7.727,8.797,0.060
2017/7/4,6.801,5.172,7.720,8.787,0.060
2017/7/5,6.802,5.173,7.721,8.799,0.060
2017/7/6,6.802,5.161,7.774,8.822,0.060
2017/7/7,6.806,5.172,7.761,8.771,0.060
2017/7/10,6.804,5.174,7.758,8.768,0.060
2017/7/11,6.803,5.197,7.802,8.744,0.060
2017/7/12,6.788,5.214,7.749,8.747,0.060
2017/7/13,6.784,5.247,7.735,8.776,0.060
2017/7/14,6.775,5.305,7.769,8.879,0.060
2017/7/17,6.77,5.281,7.773,8.838,0.060
2017/7/18,6.747,5.342,7.791,8.797,0.060
2017/7/19,6.752,5.367,7.779,8.792,0.060
2017/7/20,6.76,5.378,7.860,8.768,0.060
2017/7/21,6.767,5.358,7.896,8.800,0.061
2017/7/24,6.751,5.349,7.859,8.790,0.061
2017/7/25,6.751,5.358,7.859,8.790,0.060
2017/7/26,6.754,5.408,7.927,8.864,0.061
2017/7/27,6.743,5.373,7.877,8.814,0.061
2017/7/28,6.737,5.381,7.917,8.853,0.061
2017/7/31,6.727,5.382,7.970,8.886,0.061
2017/8/1,6.718,5.353,7.932,8.875,0.061
2017/8/2,6.722,5.356,7.974,8.892,0.061
2017/8/3,6.717,5.339,7.977,8.827,0.061
2017/8/4,6.729,5.332,7.926,8.773,0.061
2017/8/7,6.722,5.318,7.927,8.764,0.061
2017/8/8,6.706,5.305,7.880,8.709,0.061
2017/8/9,6.674,5.263,7.852,8.679,0.061
2017/8/10,6.647,5.234,7.829,8.621,0.061
2017/8/11,6.664,5.260,7.877,8.677,0.061
2017/8/14,6.671,5.236,7.857,8.652,0.061
2017/8/15,6.686,5.228,7.847,8.605,0.060
2017/8/16,6.692,5.303,7.873,8.624,0.061
2017/8/17,6.676,5.265,7.826,8.592,0.061
2017/8/18,6.67,5.289,7.847,8.584,0.061
2017/8/21,6.666,5.290,7.879,8.601,0.061
2017/8/22,6.662,5.271,7.838,8.541,0.061
2017/8/23,6.659,5.264,7.862,8.526,0.061
2017/8/24,6.662,5.266,7.856,8.530,0.061
2017/8/25,6.647,5.271,7.923,8.566,0.061
2017/8/28,6.614,5.266,7.921,8.556,0.061
2017/8/29,6.597,5.244,7.901,8.523,0.060
2017/8/30,6.594,5.213,7.841,8.519,0.060
2017/8/31,6.59,5.238,7.845,8.525,0.060
2017/9/1,6.558,5.230,7.779,8.495,0.059
2017/9/4,6.531,5.187,7.766,8.449,0.060
2017/9/5,6.539,5.227,7.794,8.525,0.060
2017/9/6,6.524,5.219,7.776,8.506,0.060
2017/9/7,6.487,5.219,7.797,8.502,0.060
2017/9/8,6.494,5.233,7.815,8.567,0.060
2017/9/11,6.529,5.244,7.800,8.591,0.060
2017/9/12,6.535,5.241,7.817,8.679,0.059
2017/9/13,6.542,5.225,7.779,8.642,0.059
2017/9/14,6.556,5.249,7.814,8.788,0.059
2017/9/15,6.553,5.242,7.829,8.904,0.059
2017/9/18,6.575,5.231,7.855,8.873,0.059
2017/9/19,6.584,5.276,7.894,8.885,0.059
2017/9/20,6.575,5.281,7.818,8.873,0.059
2017/9/21,6.59,5.226,7.873,8.954,0.059
2017/9/22,6.59,5.247,7.873,8.893,0.059
2017/9/25,6.622,5.256,7.846,8.913,0.059
2017/9/26,6.64,5.237,7.830,8.937,0.059
2017/9/27,6.643,5.214,7.806,8.893,0.059
2017/9/28,6.661,5.233,7.855,8.953,0.059
2017/9/29,6.653,5.214,7.864,8.918,0.059
2017/10/9,6.625,5.136,7.776,8.706,0.059
2017/10/10,6.574,5.112,7.762,8.684,0.058
2017/10/11,6.59,5.132,7.817,8.717,0.059
2017/10/12,6.588,5.151,7.796,8.737,0.059
2017/10/13,6.58,5.189,7.778,8.738,0.059
2017/10/16,6.59,5.173,7.771,8.728,0.059
2017/10/17,6.624,5.195,7.793,8.739,0.059
2017/10/18,6.627,5.198,7.815,8.754,0.059
2017/10/19,6.614,5.212,7.836,8.703,0.059
2017/10/20,6.621,5.177,7.799,8.735,0.058
2017/10/23,6.64,5.183,7.803,8.760,0.059
2017/10/24,6.636,5.160,7.807,8.720,0.058
2017/10/25,6.639,5.115,7.838,8.805,0.058
2017/10/26,6.643,5.090,7.742,8.741,0.058
2017/10/27,6.651,5.104,7.725,8.728,0.059
2017/10/30,6.647,5.109,7.747,8.781,0.059
2017/10/31,6.635,5.080,7.724,8.811,0.058
2017/11/1,6.602,5.067,7.668,8.744,0.058
2017/11/2,6.609,5.096,7.703,8.628,0.058
2017/11/3,6.639,5.080,7.711,8.678,0.058
2017/11/6,6.634,5.103,7.705,8.740,0.058
2017/11/7,6.641,5.077,7.695,8.738,0.058
2017/11/8,6.628,5.091,7.689,8.698,0.058
2017/11/9,6.64,5.100,7.730,8.725,0.059
2017/11/10,6.641,5.089,7.749,8.761,0.058
2017/11/13,6.639,5.060,7.747,8.713,0.058
2017/11/14,6.635,5.065,7.824,8.730,0.058
2017/11/15,6.62,5.023,7.807,8.722,0.059
2017/11/16,6.627,5.028,7.796,8.743,0.059
2017/11/17,6.625,5.011,7.813,8.752,0.059
2017/11/20,6.625,5.000,7.776,8.763,0.059
2017/11/21,6.627,5.020,7.778,8.777,0.059
2017/11/22,6.609,5.034,7.812,8.812,0.059
2017/11/24,6.6,5.027,7.876,8.800,0.059
2017/11/27,6.597,5.017,7.854,8.784,0.059
2017/11/28,6.604,5.014,7.815,8.805,0.059
2017/11/29,6.609,5.003,7.831,8.859,0.059
2017/11/30,6.609,4.999,7.868,8.943,0.059
2017/12/1,6.614,5.033,7.864,8.914,0.059
2017/12/4,6.619,5.030,7.852,8.920,0.059
2017/12/5,6.617,5.032,7.822,8.894,0.059
2017/12/6,6.614,5.003,7.800,8.854,0.059
2017/12/7,6.617,4.971,7.794,8.918,0.059
2017/12/8,6.62,4.970,7.797,8.862,0.058
2017/12/11,6.618,4.980,7.786,8.824,0.058
2017/12/12,6.621,5.005,7.771,8.816,0.058
2017/12/13,6.617,5.055,7.822,8.882,0.059
2017/12/14,6.609,5.068,7.784,8.871,0.059
2017/12/15,6.609,5.053,7.766,8.800,0.059
2017/12/18,6.609,5.064,7.784,8.847,0.059
2017/12/19,6.609,5.064,7.821,8.847,0.059
2017/12/20,6.577,5.044,7.811,8.793,0.058
2017/12/21,6.583,5.072,7.818,8.813,0.058
2017/12/22,6.575,5.069,7.800,8.790,0.058
2017/12/26,6.543,5.056,7.762,8.747,0.058
2017/12/27,6.556,5.094,7.795,8.788,0.058
2017/12/28,6.532,5.091,7.804,8.780,0.058
2017/12/29,6.506,5.079,7.810,8.792,0.058
2018/1/2,6.491,5.083,7.830,8.819,0.058
2018/1/3,6.501,5.095,7.814,8.785,0.058
2018/1/4,6.492,5.104,7.831,8.797,0.058
2018/1/5,6.488,5.101,7.807,8.803,0.057
2018/1/8,6.497,5.096,7.772,8.815,0.057
2018/1/9,6.526,5.106,7.788,8.831,0.058
2018/1/10,6.506,5.103,7.773,8.792,0.058
2018/1/11,6.496,5.127,7.817,8.790,0.058
2018/1/12,6.461,5.116,7.879,8.875,0.058
2018/1/16,6.44,5.127,7.892,8.883,0.058
2018/1/17,6.433,5.126,7.836,8.898,0.058
2018/1/18,6.418,5.134,7.856,8.914,0.058
2018/1/19,6.399,5.115,7.823,8.863,0.058
2018/1/22,6.404,5.136,7.848,8.957,0.058
2018/1/23,6.4,5.120,7.872,8.964,0.058
2018/1/24,6.365,5.133,7.897,9.067,0.058
2018/1/25,6.319,5.071,7.830,8.938,0.058
2018/1/26,6.32,5.126,7.851,8.952,0.058
2018/1/29,6.333,5.128,7.838,8.907,0.058
2018/1/30,6.32,5.109,7.841,8.939,0.058
2018/1/31,6.284,5.064,7.797,8.913,0.058
2018/2/1,6.297,5.062,7.881,8.983,0.058
2018/2/2,6.298,4.994,7.853,8.895,0.057
2018/2/5,6.285,4.953,7.769,8.778,0.058
2018/2/6,6.283,4.967,7.776,8.763,0.057
2018/2/7,6.265,4.902,7.687,8.701,0.057
2018/2/8,6.322,4.920,7.738,8.793,0.058
2018/2/9,6.297,4.920,7.717,8.710,0.058
2018/2/12,6.325,4.972,7.770,8.748,0.058
2018/2/13,6.338,4.983,7.825,8.803,0.059
2018/2/14,6.344,5.027,7.900,8.885,0.059
2018/2/15,6.344,5.039,7.930,8.948,0.060
2018/2/16,6.344,5.015,7.871,8.898,0.060
2018/2/20,6.335,4.992,7.811,8.873,0.059
2018/2/21,6.335,4.945,7.783,8.823,0.059
2018/2/22,6.347,4.978,7.826,8.852,0.059
2018/2/23,6.333,4.971,7.790,8.845,0.059
2018/2/26,6.312,4.954,7.773,8.816,0.059
2018/2/27,6.317,4.924,7.722,8.786,0.059
2018/2/28,6.328,4.913,7.717,8.704,0.059
2018/3/1,6.357,4.936,7.800,8.756,0.060
2018/3/2,6.343,4.925,7.812,8.761,0.060
2018/3/5,6.349,4.933,7.838,8.794,0.060
2018/3/6,6.309,4.914,7.837,8.763,0.060
2018/3/7,6.323,4.951,7.855,8.794,0.060
2018/3/8,6.339,4.937,7.807,8.756,0.060
2018/3/9,6.329,4.972,7.794,8.766,0.059
2018/3/12,6.327,4.982,7.811,8.800,0.060
2018/3/13,6.318,4.967,7.829,8.824,0.059
2018/3/14,6.314,4.976,7.814,8.818,0.059
2018/3/15,6.32,4.922,7.783,8.802,0.059
2018/3/16,6.33,4.888,7.786,8.816,0.060
2018/3/19,6.329,4.880,7.814,8.877,0.060
2018/3/20,6.333,4.872,7.761,8.870,0.059
2018/3/21,6.32,4.914,7.802,8.939,0.060
2018/3/22,6.331,4.870,7.806,8.929,0.060
2018/3/23,6.311,4.858,7.801,8.914,0.060
2018/3/26,6.269,4.863,7.807,8.930,0.059
2018/3/27,6.278,4.826,7.789,8.905,0.060
2018/3/28,6.295,4.824,7.752,8.866,0.059
2018/3/29,6.288,4.833,7.734,8.819,0.059
2018/3/30,6.273,4.818,7.735,8.798,0.059
2018/4/2,6.279,4.804,7.723,8.819,0.059
2018/4/3,6.288,4.829,7.725,8.844,0.059
2018/4/4,6.305,4.865,7.746,8.880,0.059
2018/4/5,6.305,4.835,7.727,8.831,0.059
2018/4/6,6.305,4.839,7.746,8.880,0.059
2018/4/9,6.304,4.853,7.773,8.917,0.059
2018/4/10,6.28,4.876,7.763,8.908,0.059
2018/4/11,6.266,4.865,7.755,8.888,0.059
2018/4/12,6.288,4.878,7.753,8.957,0.059
2018/4/13,6.273,4.874,7.735,8.936,0.058
2018/4/16,6.275,4.879,7.776,9.003,0.059
2018/4/17,6.28,4.880,7.772,8.984,0.059
2018/4/18,6.272,4.885,7.762,8.909,0.058
2018/4/19,6.277,4.847,7.749,8.841,0.058
2018/4/20,6.295,4.827,7.733,8.817,0.058
2018/4/23,6.316,4.803,7.712,8.809,0.058
2018/4/24,6.304,4.798,7.716,8.817,0.058
2018/4/25,6.324,4.787,7.703,8.820,0.058
2018/4/26,6.334,4.788,7.668,8.822,0.058
2018/4/27,6.333,4.801,7.686,8.723,0.058
2018/4/30,6.333,4.772,7.658,8.723,0.058
2018/5/1,6.333,4.740,7.594,8.616,0.058
2018/5/2,6.361,4.765,7.609,8.631,0.058
2018/5/3,6.352,4.783,7.616,8.619,0.058
2018/5/4,6.359,4.796,7.606,8.605,0.058
2018/5/5,6.359,4.796,7.606,8.605,0.058
2018/5/6,6.359,4.788,7.606,8.605,0.058
2018/5/7,6.364,4.785,7.603,8.635,0.058
2018/5/8,6.371,4.747,7.567,8.633,0.058
2018/5/9,6.358,4.741,7.533,8.615,0.058
2018/5/10,6.344,4.774,7.561,8.573,0.058
2018/5/11,6.333,4.780,7.566,8.581,0.058
2018/5/12,6.333,4.780,7.566,8.581,0.058
2018/5/13,6.333,4.783,7.575,8.581,0.058
2018/5/14,6.336,4.771,7.561,8.597,0.058
2018/5/15,6.376,4.762,7.537,8.605,0.058
2018/5/16,6.371,4.790,7.531,8.633,0.058
2018/5/17,6.364,4.778,7.505,8.600,0.057
2018/5/18,6.377,4.791,7.511,8.594,0.058
2018/5/19,6.377,4.791,7.511,8.594,0.058
2018/5/20,6.377,4.798,7.502,8.594,0.058
2018/5/21,6.383,4.839,7.527,8.568,0.058
2018/5/22,6.366,4.826,7.507,8.556,0.057
2018/5/23,6.388,4.836,7.480,8.540,0.058
2018/5/24,6.375,4.830,7.474,8.534,0.058
2018/5/25,6.39,4.830,7.456,8.497,0.058
2018/5/26,6.39,4.830,7.456,8.497,0.058
2018/5/27,6.39,4.830,7.474,8.509,0.058
2018/5/28,6.398,4.829,7.440,8.519,0.058
2018/5/29,6.416,4.802,7.409,8.509,0.059
2018/5/30,6.417,4.858,7.488,8.522,0.059
2018/5/31,6.41,4.849,7.497,8.524,0.059
2018/6/1,6.418,4.858,7.489,8.569,0.059
2018/6/2,6.418,4.858,7.489,8.569,0.059
2018/6/3,6.418,4.858,7.489,8.569,0.059
2018/6/4,6.405,4.901,7.500,8.529,0.058
2018/6/5,6.404,4.885,7.508,8.584,0.058
2018/6/6,6.385,4.893,7.529,8.570,0.058
2018/6/7,6.39,4.867,7.535,8.577,0.058
2018/6/8,6.403,4.869,7.533,8.583,0.058
2018/6/9,6.403,4.869,7.533,8.583,0.058
2018/6/10,6.407,4.872,7.547,8.600,0.059
2018/6/11,6.4,4.867,7.538,8.556,0.058
2018/6/12,6.399,4.848,7.519,8.555,0.058
2018/6/13,6.396,4.845,7.551,8.562,0.058
2018/6/14,6.398,4.778,7.405,8.485,0.058
2018/6/15,6.438,4.790,7.469,8.550,0.058
2018/6/16,6.438,4.790,7.469,8.550,0.058
2018/6/17,6.438,4.790,7.469,8.550,0.058
2018/6/18,6.438,4.765,7.486,8.538,0.058
2018/6/19,6.48,4.789,7.509,8.538,0.059
2018/6/20,6.471,4.772,7.498,8.526,0.059
2018/6/21,6.49,4.790,7.538,8.596,0.059
2018/6/22,6.503,4.842,7.579,8.625,0.059
2018/6/23,6.503,4.842,7.579,8.625,0.059
2018/6/24,6.503,4.839,7.588,8.625,0.059
2018/6/25,6.539,4.847,7.657,8.684,0.060
2018/6/26,6.576,4.860,7.664,8.698,0.060
2018/6/27,6.599,4.845,7.629,8.660,0.060
2018/6/28,6.623,4.866,7.657,8.658,0.060
2018/6/29,6.617,4.901,7.739,8.741,0.060
2018/6/30,6.617,4.901,7.739,8.741,0.060
2018/7/1,6.617,4.898,7.730,8.741,0.060
2018/7/2,6.663,4.888,7.757,8.756,0.060
2018/7/3,6.64,4.900,7.739,8.760,0.060
2018/7/4,6.629,4.896,7.735,8.769,0.060
2018/7/5,6.634,4.900,7.759,8.775,0.060
2018/7/6,6.64,4.937,7.812,8.818,0.060
2018/7/7,6.64,4.937,7.812,8.818,0.060
2018/7/8,6.576,4.889,7.727,8.745,0.060
2018/7/9,6.612,4.938,7.779,8.758,0.060
2018/7/10,6.63,4.918,7.773,8.793,0.060
2018/7/11,6.676,4.916,7.799,8.819,0.060
2018/7/12,6.663,4.936,7.775,8.779,0.059
2018/7/13,6.69,4.970,7.815,8.849,0.060
2018/7/14,6.69,4.970,7.815,8.849,0.060
2018/7/15,6.69,4.963,7.815,8.849,0.060
2018/7/16,6.687,4.957,7.830,8.845,0.060
2018/7/17,6.702,4.946,7.811,8.784,0.059
2018/7/18,6.716,4.971,7.818,8.779,0.060
2018/7/19,6.77,4.985,7.890,8.815,0.060
2018/7/20,6.766,5.027,7.941,8.879,0.061
2018/7/21,6.766,5.027,7.941,8.879,0.061
2018/7/22,6.766,5.027,7.941,8.879,0.061
2018/7/23,6.793,5.013,7.945,8.903,0.061
2018/7/24,6.791,5.045,7.933,8.936,0.061
2018/7/25,6.766,5.045,7.941,8.926,0.061
2018/7/26,6.786,5.008,7.900,8.894,0.061
2018/7/27,6.81,5.044,7.937,8.925,0.061
2018/7/28,6.81,5.044,7.937,8.925,0.061
2018/7/29,6.814,5.040,7.942,8.931,0.061
2018/7/30,6.816,5.049,7.981,8.957,0.061
2018/7/31,6.813,5.054,7.959,8.941,0.061
2018/8/1,6.824,5.055,7.963,8.955,0.061
2018/8/2,6.843,5.035,7.929,8.910,0.061
2018/8/3,6.83,5.056,7.914,8.882,0.061
2018/8/4,6.83,5.056,7.914,8.882,0.061
2018/8/5,6.834,5.055,7.901,8.887,0.061
2018/8/6,6.853,5.061,7.923,8.865,0.062
2018/8/7,6.833,5.073,7.927,8.851,0.061
2018/8/8,6.836,5.079,7.940,8.798,0.062
2018/8/9,6.818,5.028,7.855,8.752,0.061
2018/8/10,6.846,5.001,7.824,8.743,0.062
2018/8/11,6.846,5.001,7.824,8.743,0.062
2018/8/12,6.847,4.991,7.798,8.733,0.062
2018/8/13,6.891,5.008,7.857,8.790,0.062
2018/8/14,6.886,4.983,7.816,8.761,0.062
2018/8/15,6.934,5.017,7.862,8.799,0.063
2018/8/16,6.883,4.995,7.830,8.746,0.062
2018/8/17,6.878,5.031,7.879,8.773,0.062
2018/8/18,6.878,5.031,7.879,8.773,0.062
2018/8/19,6.878,5.028,7.870,8.773,0.062
2018/8/20,6.858,5.032,7.883,8.781,0.062
2018/8/21,6.847,5.038,7.925,8.835,0.062
2018/8/22,6.843,5.024,7.929,8.830,0.062
2018/8/23,6.878,4.984,7.942,8.807,0.062
2018/8/24,6.806,4.986,7.914,8.737,0.061
2018/8/25,6.806,4.986,7.914,8.737,0.061
2018/8/26,6.802,4.994,7.928,8.743,0.061
2018/8/27,6.814,5.007,7.960,8.792,0.061
2018/8/28,6.805,4.996,7.959,8.758,0.061
2018/8/29,6.82,4.985,7.986,8.892,0.061
2018/8/30,6.844,4.970,7.986,8.900,0.062
2018/8/31,6.83,4.910,7.933,8.847,0.062
2018/9/1,6.83,4.910,7.933,8.847,0.062
2018/9/2,6.836,4.914,7.930,8.832,0.062
2018/9/3,6.823,4.919,7.925,8.781,0.061
2018/9/4,6.844,4.917,7.930,8.797,0.061
2018/9/5,6.831,4.914,7.952,8.826,0.061
2018/9/6,6.835,4.914,7.938,8.831,0.062
2018/9/7,6.844,4.864,7.921,8.842,0.062
2018/9/8,6.844,4.864,7.921,8.842,0.062
2018/9/9,6.84,4.868,7.908,8.849,0.062
2018/9/10,6.856,4.873,7.944,8.927,0.062
2018/9/11,6.875,4.890,7.976,8.952,0.062
2018/9/12,6.861,4.918,7.978,8.945,0.062
2018/9/13,6.845,4.924,8.006,8.971,0.061
2018/9/14,6.871,4.915,7.999,8.982,0.061
2018/9/15,6.871,4.915,7.999,8.982,0.061
2018/9/17,6.861,4.908,8.006,9.028,0.061
2018/9/18,6.862,4.962,8.016,9.041,0.061
2018/9/19,6.849,4.970,7.992,9.000,0.061
2018/9/20,6.847,4.991,8.065,9.081,0.061
2018/9/21,6.858,5.006,8.068,8.965,0.061
2018/9/22,6.858,5.006,8.068,8.965,0.061
2018/9/24,6.876,4.986,8.080,9.024,0.061
2018/9/25,6.866,4.975,8.078,9.046,0.061
2018/9/26,6.877,4.994,8.081,9.061,0.061
2018/9/27,6.89,4.964,8.021,9.007,0.061
2018/9/28,6.869,4.963,7.978,8.956,0.060
2018/9/29,6.869,4.963,7.978,8.956,0.060
2018/10/1,6.869,4.963,7.950,8.956,0.060
2018/10/2,6.869,4.938,7.932,8.921,0.060
2018/10/3,6.869,4.882,7.886,8.898,0.060
2018/10/4,6.869,4.861,7.914,8.944,0.060
2018/10/5,6.869,4.848,7.923,9.014,0.060
2018/10/6,6.869,4.848,7.923,9.014,0.060
2018/10/8,6.931,4.905,7.967,9.072,0.061
2018/10/9,6.923,4.917,7.957,9.097,0.061
2018/10/10,6.924,4.893,7.986,9.147,0.062
2018/10/11,6.89,4.907,7.984,9.126,0.061
2018/10/12,6.922,4.927,8.012,9.108,0.062
2018/10/13,6.922,4.927,8.012,9.108,0.062
2018/10/15,6.917,4.937,8.015,9.101,0.062
2018/10/16,6.912,4.937,8.000,9.119,0.062
2018/10/17,6.927,4.923,7.971,9.079,0.062
2018/10/18,6.938,4.924,7.947,9.034,0.062
2018/10/19,6.93,4.936,7.993,9.059,0.062
2018/10/20,6.93,4.936,7.993,9.059,0.062
2018/10/22,6.948,4.917,7.968,9.012,0.062
2018/10/23,6.938,4.914,7.956,9.010,0.062
2018/10/24,6.944,4.907,7.918,8.948,0.062
2018/10/25,6.949,4.921,7.906,8.909,0.062
2018/10/26,6.944,4.925,7.936,8.914,0.062
2018/10/27,6.944,4.925,7.936,8.914,0.062
2018/10/29,6.962,4.913,7.920,8.914,0.062
2018/10/30,6.967,4.945,7.899,8.853,0.062
2018/10/31,6.976,4.937,7.891,8.909,0.062
2018/11/1,6.923,4.984,7.894,9.003,0.061
2018/11/2,6.891,4.968,7.849,8.949,0.061
2018/11/3,6.891,4.968,7.849,8.949,0.061
2018/11/5,6.926,4.997,7.906,9.042,0.061
2018/11/6,6.92,5.007,7.900,9.058,0.061
2018/11/7,6.92,5.033,7.909,9.081,0.061
2018/11/8,6.934,5.036,7.880,9.064,0.061
2018/11/9,6.957,5.030,7.888,9.023,0.061
2018/11/10,6.957,5.030,7.888,9.023,0.061
2018/11/12,6.964,4.996,7.816,8.951,0.061
2018/11/13,6.956,5.022,7.860,9.057,0.061
2018/11/14,6.951,5.026,7.863,9.027,0.061
2018/11/15,6.939,5.050,7.858,8.862,0.061
2018/11/16,6.938,5.087,7.920,8.906,0.061
2018/11/17,6.938,5.087,7.920,8.906,0.061
2018/11/19,6.942,5.063,7.952,8.923,0.062
2018/11/20,6.946,5.004,7.893,8.882,0.062
2018/11/21,6.927,5.031,7.881,8.847,0.061
2018/11/22,6.932,5.027,7.904,8.933,0.061
2018/11/23,6.949,5.028,7.879,8.909,0.062
2018/11/24,6.949,5.028,7.879,8.909,0.062
2018/11/26,6.941,5.012,7.861,8.887,0.061
2018/11/27,6.952,5.023,7.855,8.856,0.061
2018/11/28,6.954,5.080,7.902,8.915,0.061
2018/11/29,6.943,5.079,7.908,8.879,0.061
2018/11/30,6.959,5.091,7.872,8.876,0.061
2018/12/1,6.959,5.091,7.872,8.876,0.061
2018/12/3,6.883,5.065,7.813,8.757,0.061
2018/12/4,6.837,5.016,7.752,8.698,0.061
2018/12/5,6.857,4.987,7.783,8.735,0.061
2018/12/6,6.883,4.977,7.830,8.791,0.061
2018/12/7,6.874,4.949,7.820,8.757,0.061
2018/12/8,6.874,4.949,7.820,8.757,0.061
2018/12/10,6.913,4.970,7.847,8.685,0.061
2018/12/11,6.9,4.971,7.814,8.614,0.061
2018/12/12,6.88,4.964,7.827,8.687,0.061
2018/12/13,6.882,4.969,7.820,8.711,0.061
2018/12/14,6.908,4.963,7.814,8.700,0.061
2018/12/15,6.908,4.963,7.814,8.700,0.061
2018/12/17,6.897,4.951,7.829,8.697,0.061
2018/12/18,6.895,4.953,7.835,8.717,0.061
2018/12/19,6.891,4.905,7.840,8.701,0.061
2018/12/20,6.885,4.897,7.887,8.715,0.062
2018/12/21,6.906,4.857,7.857,8.742,0.062
2018/12/22,6.906,4.857,7.857,8.742,0.062
2018/12/24,6.899,4.865,7.867,8.755,0.062
2018/12/25,6.899,4.855,7.867,8.744,0.063
2018/12/26,6.899,4.876,7.831,8.722,0.062
2018/12/27,6.866,4.828,7.847,8.680,0.062
2018/12/28,6.878,4.844,7.870,8.740,0.062
2018/12/29,6.878,4.844,7.870,8.740,0.062
2018/12/31,6.879,4.844,7.898,8.774,0.063